{
  "batch_id": "batch34562089",
  "source": "/Users/thahirkareem/local/11.tar",
  "timestamp": "2025-03-21T13:11:03.128762",
  "stats": {
    "extracted": 3,
    "renamed": 3,
    "filtered": 3,
    "converted": 3,
    "packaged": 3
  },
  "package": {
    "package_path": "output/batch34562089_processed_20250321_131120.zip",
    "file_count": 3,
    "deleted_files": [
      "data/temp/batch34562089_converted/186915503-11_\u5efa\u7b51_\u5ba4\u5185\u8bbe\u8ba1.webp",
      "data/temp/batch34562089_converted/185617283-111_\u5ba4\u5185\u8bbe\u8ba1_\u5bb6\u5177\u8bbe\u8ba1_\u5efa\u7b51.webp",
      "data/temp/batch34562089_converted/187096021-22_\u5efa\u7b51_\u5ba4\u5185\u8bbe\u8ba1_\u5bb6\u5177\u8bbe\u8ba1.webp"
    ],
    "package_size": 1996349,
    "package_size_mb": 1.9,
    "elapsed_seconds": 0.0324552059173584
  }
}