{
  "batch_id": "batch48725358",
  "source": "/Users/thahirkareem/local/11.tar",
  "timestamp": "2025-03-21T13:07:45.917084",
  "stats": {
    "extracted": 5,
    "renamed": 5,
    "filtered": 5,
    "converted": 5,
    "packaged": 5
  },
  "package": {
    "package_path": "output/batch48725358_processed_20250321_130804.zip",
    "file_count": 5,
    "deleted_files": [
      "data/temp/batch48725358_converted/185712683-0_\u5efa\u7b51_\u5bb6\u5177\u8bbe\u8ba1_\u5ba4\u5185\u8bbe\u8ba1.webp",
      "data/temp/batch48725358_converted/186021227-26_\u5efa\u7b51_\u5bb6\u5177\u8bbe\u8ba1_\u5ba4\u5185\u8bbe\u8ba1.webp",
      "data/temp/batch48725358_converted/186915503-11_\u5efa\u7b51_\u5ba4\u5185\u8bbe\u8ba1.webp",
      "data/temp/batch48725358_converted/185617283-111_\u5ba4\u5185\u8bbe\u8ba1_\u5bb6\u5177\u8bbe\u8ba1_\u5efa\u7b51.webp",
      "data/temp/batch48725358_converted/187096021-22_\u5efa\u7b51_\u5ba4\u5185\u8bbe\u8ba1_\u5bb6\u5177\u8bbe\u8ba1.webp"
    ],
    "package_size": 3695161,
    "package_size_mb": 3.52,
    "elapsed_seconds": 0.05646991729736328
  }
}